{"cameraMode":{"drawMode":0,"name":"Shaded","section":"Shading Mode"},"sceneLighting":false,"audioPlay":false,"sceneViewState":{"m_AlwaysRefresh":false,"showFog":true,"showSkybox":false,"showFlares":true,"showImageEffects":true,"showParticleSystems":true,"showVisualEffectGraphs":true,"m_FxEnabled":true},"in2DMode":false,"pivot":{"x":-0.10375005006790161,"y":-0.09562581032514572,"z":-0.5140586495399475},"rotation":{"x":0.026933055371046068,"y":-0.777073860168457,"z":0.6281422972679138,"w":0.033366609364748},"size":2.0868940353393556,"orthographic":false}