{"cameraMode":{"drawMode":0,"name":"Shaded","section":"Shading Mode"},"sceneLighting":true,"audioPlay":false,"sceneViewState":{"m_AlwaysRefresh":false,"showFog":true,"showSkybox":false,"showFlares":true,"showImageEffects":true,"showParticleSystems":true,"showVisualEffectGraphs":true,"m_FxEnabled":true},"in2DMode":false,"pivot":{"x":-0.12638473510742188,"y":-1.5177984237670899,"z":3.4198622703552248},"rotation":{"x":0.1801413744688034,"y":-0.7966006398200989,"z":0.28628861904144289,"w":0.5013707876205444},"size":7.022024154663086,"orthographic":false}