{"cameraMode":{"drawMode":0,"name":"Shaded","section":"Shading Mode"},"sceneLighting":false,"audioPlay":false,"sceneViewState":{"m_AlwaysRefresh":false,"showFog":true,"showSkybox":false,"showFlares":true,"showImageEffects":true,"showParticleSystems":true,"showVisualEffectGraphs":true,"m_FxEnabled":true},"in2DMode":false,"pivot":{"x":-0.061520516872406009,"y":0.5099999904632568,"z":0.009233295917510987},"rotation":{"x":-0.24978677928447724,"y":0.7006669044494629,"z":-0.2907203733921051,"w":-0.6019904613494873},"size":1.130606770515442,"orthographic":false}