{"cameraMode":{"drawMode":0,"name":"Shaded","section":"Shading Mode"},"sceneLighting":false,"audioPlay":false,"sceneViewState":{"m_AlwaysRefresh":false,"showFog":true,"showSkybox":false,"showFlares":true,"showImageEffects":true,"showParticleSystems":true,"showVisualEffectGraphs":true,"m_FxEnabled":true},"in2DMode":false,"pivot":{"x":0.026158571243286134,"y":-0.016936302185058595,"z":-0.22425270080566407},"rotation":{"x":-0.12150657176971436,"y":0.1261904537677765,"z":-0.01731318049132824,"w":-0.9847460389137268},"size":4.64928674697876,"orthographic":false}