{"cameraMode":{"drawMode":0,"name":"Shaded","section":"Shading Mode"},"sceneLighting":false,"audioPlay":false,"sceneViewState":{"m_AlwaysRefresh":false,"showFog":true,"showSkybox":false,"showFlares":true,"showImageEffects":true,"showParticleSystems":true,"showVisualEffectGraphs":true,"m_FxEnabled":true},"in2DMode":false,"pivot":{"x":0.1551133543252945,"y":0.08860395103693009,"z":-0.048021115362644199},"rotation":{"x":-0.06988086551427841,"y":0.6131488084793091,"z":-0.05463103950023651,"w":-0.7851423025131226},"size":0.3523956537246704,"orthographic":false}