{"cameraMode":{"drawMode":0,"name":"Shaded","section":"Shading Mode"},"sceneLighting":false,"audioPlay":false,"sceneViewState":{"m_AlwaysRefresh":false,"showFog":true,"showSkybox":false,"showFlares":true,"showImageEffects":true,"showParticleSystems":true,"showVisualEffectGraphs":true,"m_FxEnabled":true},"in2DMode":false,"pivot":{"x":0.012656569480895996,"y":0.24171636998653413,"z":0.17619523406028748},"rotation":{"x":-0.024291226640343667,"y":-0.03867879509925842,"z":0.0008595326798968017,"w":-0.999039351940155},"size":0.3184116780757904,"orthographic":false}