{"cameraMode":{"drawMode":0,"name":"Shaded","section":"Shading Mode"},"sceneLighting":false,"audioPlay":false,"sceneViewState":{"m_AlwaysRefresh":false,"showFog":true,"showSkybox":false,"showFlares":true,"showImageEffects":true,"showParticleSystems":true,"showVisualEffectGraphs":true,"m_FxEnabled":true},"in2DMode":false,"pivot":{"x":-0.311870813369751,"y":-0.18844258785247804,"z":0.020492196083068849},"rotation":{"x":-0.00034547661198303103,"y":-0.9994972944259644,"z":-0.010188239626586438,"w":0.033884625881910327},"size":5.838255882263184,"orthographic":false}