{"cameraMode":{"drawMode":0,"name":"Shaded","section":"Shading Mode"},"sceneLighting":false,"audioPlay":false,"sceneViewState":{"m_AlwaysRefresh":false,"showFog":true,"showSkybox":false,"showFlares":true,"showImageEffects":true,"showParticleSystems":true,"showVisualEffectGraphs":true,"m_FxEnabled":true},"in2DMode":false,"pivot":{"x":-0.05627180635929108,"y":-0.03726285323500633,"z":0.04483812674880028},"rotation":{"x":0.025710411369800569,"y":0.949012815952301,"z":-0.08019652217626572,"w":0.3042214810848236},"size":0.19416393339633943,"orthographic":false}