{"cameraMode":{"drawMode":0,"name":"Shaded","section":"Shading Mode"},"sceneLighting":false,"audioPlay":false,"sceneViewState":{"m_AlwaysRefresh":false,"showFog":true,"showSkybox":false,"showFlares":true,"showImageEffects":true,"showParticleSystems":true,"showVisualEffectGraphs":true,"m_FxEnabled":true},"in2DMode":false,"pivot":{"x":-0.04784346744418144,"y":0.20958951115608216,"z":0.31837648153305056},"rotation":{"x":-0.03654558211565018,"y":0.9636019468307495,"z":-0.18912135064601899,"w":-0.1860981285572052},"size":0.24981677532196046,"orthographic":false}