{"cameraMode":{"drawMode":0,"name":"Shaded","section":"Shading Mode"},"sceneLighting":false,"audioPlay":false,"sceneViewState":{"m_AlwaysRefresh":false,"showFog":true,"showSkybox":false,"showFlares":true,"showImageEffects":true,"showParticleSystems":true,"showVisualEffectGraphs":true,"m_FxEnabled":true},"in2DMode":false,"pivot":{"x":-0.004427433013916016,"y":0.2382550835609436,"z":1.0125885009765626},"rotation":{"x":-0.12915076315402986,"y":0.43977734446525576,"z":-0.06599853932857514,"w":-0.8867200016975403},"size":2.6081044673919679,"orthographic":false}