{"cameraMode":{"drawMode":0,"name":"Shaded","section":"Shading Mode"},"sceneLighting":false,"audioPlay":false,"sceneViewState":{"m_AlwaysRefresh":false,"showFog":true,"showSkybox":false,"showFlares":true,"showImageEffects":true,"showParticleSystems":true,"showVisualEffectGraphs":true,"m_FxEnabled":true},"in2DMode":false,"pivot":{"x":0.36967411637306216,"y":0.44158151745796206,"z":0.2347581684589386},"rotation":{"x":-0.2569022476673126,"y":0.5962632894515991,"z":-0.20944257080554963,"w":-0.731333315372467},"size":0.351224422454834,"orthographic":false}