{"cameraMode":{"drawMode":0,"name":"Shaded","section":"Shading Mode"},"sceneLighting":false,"audioPlay":false,"sceneViewState":{"m_AlwaysRefresh":false,"showFog":false,"showSkybox":false,"showFlares":false,"showImageEffects":false,"showParticleSystems":false,"showVisualEffectGraphs":true,"m_FxEnabled":true},"in2DMode":false,"pivot":{"x":0.6252368092536926,"y":0.5090540051460266,"z":-0.7029076814651489},"rotation":{"x":-0.06808141618967056,"y":-0.8936066627502441,"z":0.14493322372436524,"w":-0.41950011253356936},"size":0.9490360021591187,"orthographic":false}