{"cameraMode":{"drawMode":0,"name":"Shaded","section":"Shading Mode"},"sceneLighting":false,"audioPlay":false,"sceneViewState":{"m_AlwaysRefresh":false,"showFog":true,"showSkybox":false,"showFlares":true,"showImageEffects":true,"showParticleSystems":true,"showVisualEffectGraphs":true,"m_FxEnabled":true},"in2DMode":false,"pivot":{"x":0.07515328377485275,"y":0.053013190627098086,"z":0.02604365348815918},"rotation":{"x":0.0012172297574579716,"y":-0.8591941595077515,"z":0.5118861198425293,"w":0.002055576303973794},"size":0.2601473331451416,"orthographic":false}