{"cameraMode":{"drawMode":0,"name":"Shaded","section":"Shading Mode"},"sceneLighting":false,"audioPlay":false,"sceneViewState":{"m_AlwaysRefresh":false,"showFog":true,"showSkybox":false,"showFlares":true,"showImageEffects":true,"showParticleSystems":true,"showVisualEffectGraphs":true,"m_FxEnabled":true},"in2DMode":false,"pivot":{"x":-2.484705924987793,"y":0.3611908555030823,"z":-2.8028335571289064},"rotation":{"x":-0.024892590939998628,"y":-0.7844356298446655,"z":-0.031546805053949359,"w":0.6190297603607178},"size":1.4798648357391358,"orthographic":false}