{"cameraMode":{"drawMode":0,"name":"Shaded","section":"Shading Mode"},"sceneLighting":false,"audioPlay":false,"sceneViewState":{"m_AlwaysRefresh":false,"showFog":true,"showSkybox":false,"showFlares":true,"showImageEffects":true,"showParticleSystems":true,"showVisualEffectGraphs":true,"m_FxEnabled":true},"in2DMode":false,"pivot":{"x":-0.13586843013763429,"y":0.08739115297794342,"z":0.38038718700408938},"rotation":{"x":-0.5848849415779114,"y":0.1508857011795044,"z":-0.11200512200593949,"w":-0.7892158627510071},"size":0.5558966398239136,"orthographic":false}