{"cameraMode":{"drawMode":0,"name":"Shaded","section":"Shading Mode"},"sceneLighting":false,"audioPlay":false,"sceneViewState":{"m_AlwaysRefresh":false,"showFog":true,"showSkybox":false,"showFlares":true,"showImageEffects":true,"showParticleSystems":true,"showVisualEffectGraphs":true,"m_FxEnabled":true},"in2DMode":false,"pivot":{"x":0.1286342740058899,"y":0.26377442479133608,"z":0.04642459377646446},"rotation":{"x":-0.09182169288396836,"y":0.6795716285705566,"z":-0.08626368641853333,"w":-0.7228926420211792},"size":0.18002891540527345,"orthographic":false}