{"cameraMode":{"drawMode":0,"name":"Shaded","section":"Shading Mode"},"sceneLighting":false,"audioPlay":false,"sceneViewState":{"m_AlwaysRefresh":false,"showFog":true,"showSkybox":false,"showFlares":true,"showImageEffects":true,"showParticleSystems":true,"showVisualEffectGraphs":true,"m_FxEnabled":true},"in2DMode":false,"pivot":{"x":0.5444481372833252,"y":-1.2669274806976319,"z":1.1715202331542969},"rotation":{"x":0.5948975086212158,"y":0.07613895833492279,"z":-0.05674612149596214,"w":0.7981763482093811},"size":1.900763988494873,"orthographic":false}