{"cameraMode":{"drawMode":0,"name":"Shaded","section":"Shading Mode"},"sceneLighting":false,"audioPlay":false,"sceneViewState":{"m_AlwaysRefresh":false,"showFog":true,"showSkybox":false,"showFlares":true,"showImageEffects":true,"showParticleSystems":true,"showVisualEffectGraphs":true,"m_FxEnabled":true},"in2DMode":false,"pivot":{"x":1.6777557134628297,"y":1.1410346031188965,"z":0.7005773782730103},"rotation":{"x":-0.014126550406217575,"y":0.6867423057556152,"z":0.013463182374835015,"w":0.7270482182502747},"size":2.1045165061950685,"orthographic":false}