{"cameraMode":{"drawMode":0,"name":"Shaded","section":"Shading Mode"},"sceneLighting":false,"audioPlay":false,"sceneViewState":{"m_AlwaysRefresh":false,"showFog":true,"showSkybox":false,"showFlares":true,"showImageEffects":true,"showParticleSystems":true,"showVisualEffectGraphs":true,"m_FxEnabled":true},"in2DMode":false,"pivot":{"x":-0.011964243836700917,"y":0.2870495319366455,"z":-0.10535254329442978},"rotation":{"x":-0.1342373490333557,"y":-0.7403011322021484,"z":-0.15525373816490174,"w":0.6402996182441711},"size":0.22337748110294343,"orthographic":false}