{"cameraMode":{"drawMode":0,"name":"Shaded","section":"Shading Mode"},"sceneLighting":false,"audioPlay":false,"sceneViewState":{"m_AlwaysRefresh":false,"showFog":true,"showSkybox":false,"showFlares":true,"showImageEffects":true,"showParticleSystems":true,"showVisualEffectGraphs":true,"m_FxEnabled":true},"in2DMode":false,"pivot":{"x":-0.030146479606628419,"y":7.284312725067139,"z":-0.01489245891571045},"rotation":{"x":-0.00034547661198303103,"y":-0.9994972944259644,"z":-0.010188239626586438,"w":0.033884625881910327},"size":3.074737310409546,"orthographic":false}