{"cameraMode":{"drawMode":0,"name":"Shaded","section":"Shading Mode"},"sceneLighting":false,"audioPlay":false,"sceneViewState":{"m_AlwaysRefresh":false,"showFog":true,"showSkybox":false,"showFlares":true,"showImageEffects":true,"showParticleSystems":true,"showVisualEffectGraphs":true,"m_FxEnabled":true},"in2DMode":false,"pivot":{"x":0.532683253288269,"y":0.0006062090396881104,"z":-0.11046651005744934},"rotation":{"x":0.06560003012418747,"y":0.7627269625663757,"z":-0.07829070091247559,"w":0.6388130187988281},"size":0.5938636660575867,"orthographic":false}