{"cameraMode":{"drawMode":0,"name":"Shaded","section":"Shading Mode"},"sceneLighting":false,"audioPlay":false,"sceneViewState":{"m_AlwaysRefresh":false,"showFog":true,"showSkybox":false,"showFlares":true,"showImageEffects":true,"showParticleSystems":true,"showVisualEffectGraphs":true,"m_FxEnabled":true},"in2DMode":false,"pivot":{"x":-0.0012366771697998047,"y":-2.2522263526916506,"z":-0.018253564834594728},"rotation":{"x":-0.12150657176971436,"y":0.1261904537677765,"z":-0.01731318049132824,"w":-0.9847460389137268},"size":6.74249267578125,"orthographic":false}