{"cameraMode":{"drawMode":0,"name":"Shaded","section":"Shading Mode"},"sceneLighting":false,"audioPlay":false,"sceneViewState":{"m_AlwaysRefresh":false,"showFog":true,"showSkybox":false,"showFlares":true,"showImageEffects":true,"showParticleSystems":true,"showVisualEffectGraphs":true,"m_FxEnabled":true},"in2DMode":false,"pivot":{"x":-0.09324753284454346,"y":-0.05681037902832031,"z":-0.04363393783569336},"rotation":{"x":-0.12915076315402986,"y":0.43977734446525576,"z":-0.06599853932857514,"w":-0.8867200016975403},"size":5.721214771270752,"orthographic":false}