{"cameraMode":{"drawMode":0,"name":"Shaded","section":"Shading Mode"},"sceneLighting":false,"audioPlay":false,"sceneViewState":{"m_AlwaysRefresh":false,"showFog":true,"showSkybox":false,"showFlares":true,"showImageEffects":true,"showParticleSystems":true,"showVisualEffectGraphs":true,"m_FxEnabled":true},"in2DMode":false,"pivot":{"x":0.09559843689203263,"y":0.15545202791690827,"z":-0.0678810402750969},"rotation":{"x":0.016076963394880296,"y":0.971534252166748,"z":-0.06890515983104706,"w":0.22667589783668519},"size":0.31564652919769289,"orthographic":false}