{"cameraMode":{"drawMode":0,"name":"Shaded","section":"Shading Mode"},"sceneLighting":false,"audioPlay":false,"sceneViewState":{"m_AlwaysRefresh":false,"showFog":true,"showSkybox":false,"showFlares":true,"showImageEffects":true,"showParticleSystems":true,"showVisualEffectGraphs":true,"m_FxEnabled":true},"in2DMode":false,"pivot":{"x":0.24926738440990449,"y":0.038394175469875339,"z":-0.22232556343078614},"rotation":{"x":-0.07619397342205048,"y":-0.9221211671829224,"z":0.2392827570438385,"w":-0.2947307527065277},"size":0.4225572347640991,"orthographic":false}